"","freq","prev","p.freq","p.prev","p","contaminant"
"TACGTAGGGTGCGAGCGTTAATCGGAATTACTGGGCGTAAAGCGTGCGCAGGCGGTTTGCTAAGACCGATGTGAAATCCCCGGGCTCAACCTGGGAACTGCATTGGTGACTGGCAGGCTAGAGTATGGCAGAGGGGGGTAGAATTCCACGTGTAGCAGTGAAATGCGTAGAGATGTGGAGGAATACCGATGGCGAAGGCAGCCCCCTGGGCCAATACTGACGCTCATGCACGAAAGCGTGGGGAGCAAACAGG",0.0292847049027065,5,NA,0.000329380764163412,0.000329380764163412,TRUE
"TACGGAGGATGCAAGCGTTATTCGGAATTATTGGGCGTAAAGCGTCTGTAGGTGGCTTTTTAAGTCTACTGTTAAATATTAAGGCTTAACCTTAAAAAAGCGGTATGAAACTAAAAAGCTTGAGTTTAGTAGGGGTAGAGGGAATTCTCGGTGTAGTGGTGAAATGCGTAGATATCGAGAAGAACACCGGTAGCGAAAGCGCTCTACTGGGCTAAAACTGACACTGAGAGACGAAAGCTAGGGGAGCAAATAGG",0.116051202116084,12,NA,0.802898550724638,0.802898550724638,FALSE
"TACGGGGGATGCAAGCGTTATCCGGAATCACTGGGCGTAAAGCGTCTGTAGGTGGTTTAGTGTGTTCTTAGTTAAATTATGAAGCCTAACTTCATGAAAAGTAAGAAAACTATTAGACTTGAGTACGATAGGGGTAAGAGGAATTCTTCGAGAAGTAGTGAAATGCGAAGATACGAAGGAGAAGATCATAAGCGAAGGCTTCTTACTGGGTCGTAACTGACACTGAGAGACGAAAGCTAGGGGAGCGAATGGG",0.135307024121815,35,NA,0.994565217391304,0.994565217391304,FALSE
"TACGTAGGGTGCAAGCGTTAATCGGAATTACTGGGCGTAAAGCGTGCGCAGGCGGTTTTGTAAGACGGATGTGAAATCCCCGGGCTTAACCTGGGAACTGCATTCGTGACTGCAAGGCTAGAGTATGGCAGAGGGGGGTAGAATTCCACGTGTAGCAGTGAAATGCGTAGAGATGTGGAGGAATACCGATGGCGAAGGCAGCCCCCTGGGCCAATACTGACGCTCATGCACGAAAGCGTGGGGAGCAAACAGG",0.10645410848465,22,NA,0.933333333333333,0.933333333333333,FALSE
"TACGGAGGGGGCTAGCGTTGTTCGGAATTACTGGGCGTAAAGCGCACGTAGGCGGCTTTGTAAGTCAGAGGTGAAAGCCTGGAGCTCAACTCCAGAACTGCCTTTGAGACTGCATCGCTTGAATCCAGGAGAGGTCAGTGGAATTCCGAGTGTAGAGGTGAAATTCGTAGATATTCGGAAGAACACCAGTGGCGAAGGCGGCTGACTGGACTGGTATTGACGCTGAGGTGCGAAAGCGTGGGGAGCAAACAGG",0.114262681502918,20,NA,0.914361001317523,0.914361001317523,FALSE
"TACGTAGGTGGCAAGCGTTATCCGGAATTATTGGGCGTAAAGCGCGCGTAGGCGGTTTTTTAAGTCTGATGTGAAAGCCCACGGCTCAACCGTGGAGGGTCATTGGAAACTGGAAAACTTGAGTGCAGAAGAGGAAAGTGGAATTCCATGTGTAGCGGTGAAATGCGCAGAGATATGGAGGAACACCAGTGGCGAAGGCGACTTTCTGGTCTGTAACTGACGCTGATGTGCGAAAGCGTGGGGATCAAACAGG",0.0103357987638883,10,NA,0.322134387351779,0.322134387351779,FALSE
"TACGGAGGATGCAAGCGTTATTCGGAATTATTGGGCGTAAAGGGTCTGTAGGTGGTTTTTTAAGTCTACTGTTAAATATTAAGGCTTAACCTTAAAAAAGCGGTATGAAACTAAAAAGCTTGAGTTTAGTAGGAGTAGAGGGAATTCTCGGTGTAGTGGTGAAATGCGTAGAGATCGAGAAGAACACCGGCAGCGAAAGCGCTCTACTGGGCTAAAACTGACACTGAGAGACGAAAGCTAGGGGAGCAAATAGG",0.0246604914097422,2,NA,0.563768115942029,0.563768115942029,FALSE
"TACGGAGGGTGCAAGCGTTAATCGGAATTACTGGGCGTAAAGCGCACGCAGGCGGTTTGTTAAGTCAGATGTGAAATCCCCGGGCTCAACCTGGGAACTGCATTTGAAACTGGCAAGCTAGAGTCTCGTAGAGGGGGGTAGAATTCCAGGTGTAGCGGTGAAATGCGTAGAGATCTGGAGGAATACCGGTGGCGAAGGCGGCCCCCTGGACGAAGACTGACGCTCAGGTGCGAAAGCGTGGGGAGCAAACAGG",0.0384505476037462,21,NA,0.924242424242424,0.924242424242424,FALSE
"TACGGAGGGTGCGAGCGTTAATCGGAATTACTGGGCGTAAAGCGTACGCAGGCGGTTTGTTAAGCGAGATGTGAAAGCCCCGGGCTCAACCTGGGAACTGCATTTCGAACTGGCAAACTAGAGTGTGATAGAGGGTGGTAGAATTTCAGGTGTAGCGGTGAAATGCGTAGAGATCTGAAGGAATACCGATGGCGAAGGCAGCCACCTGGGTCAACACTGACGCTCATGTACGAAAGCGTGGGGAGCAAACAGG",0.0391318203719863,26,NA,0.962450592885375,0.962450592885375,FALSE
"TACGGAGGGTGCAAGCGTTAATCGGAATTACTGGGCGTAAAGCGCGCGTAGGTGGCTAAGTCAGCCAGGTGTGAAAGCCCCGGGCTCAACCTGGGAACGGCATCTGGAACTGCTTGGCTAGAGTGCAGGAGAGGAAGGTAGAATTCCCGGTGTAGCGGTGAAATGCGTAGAGATCGGGAGGAATACCAGTGGCGAAGGCGGCCTTCTGGACTGACACTGACACTGAGGTGCGAAAGCGTGGGTAGCAAACAGG",0.0254983726726372,24,NA,0.949275362318841,0.949275362318841,FALSE
"TACGGAGGGTGCAAGCGTTAATCGGAATTACTGGGCGTAAAGCGCACGCAGGCGGTTTGTTAAGTCAGATGTGAAATCCCCGGGCTCAACCTGGGAACTGCATCTGATACTGGCAAGCTTGAGTCTCGTAGAGGGGGGTAGAATTCCAGGTGTAGCGGTGAAATGCGTAGAGATCTGGAGGAATACCGGTGGCGAAGGCGGCCCCCTGGACGAAGACTGACGCTCAGGTGCGAAAGCGTGGGGAGCAAACAGG",0.0031858235692844,1,NA,NA,NA,FALSE
"TACGTAGGGTGCAAGCGTTAATCGGAATTATTGGGCGTAAAGGGTGCGCAGGCGGTTCTGTAAGTCAGATGTGAAATCCCCGGGCTTAACCTGGGAATTGCGTTTGAAACTACAGGACTAGAGTGTAGCAGAGGGGGGTGGAATTCCATGTGTAGCAGTGAAATGCGTAGAGATGTGGAAGAACATCGATAGCGAAGGCAACCCCCTGGGTTAACACTGACGCTCAGGCACGAAAGCGTGGGGAGCAAACAGG",0.00354406341775786,1,NA,NA,NA,FALSE
"TACGTAGGGTGCGAGCGTTGTCCGGAATTACTGGGCGTAAAGAGCTCGTAGGTGGTTTGTCGCGTCGTTTGTGTAAGCCCGCAGCTTAACTGCGGGACTGCAGGCGATACGGGCATAACTTGAGTGCTGTAGGGGAGACTGGAATTCCTGGTGTAGCGGTGGAATGCGCAGATATCAGGAGGAACACCGATGGCGAAGGCAGGTCTCTGGGCAGTAACTGACGCTGAGGAGCGAAAGCATGGGTAGCGAACAGG",0.00358016655069471,1,NA,NA,NA,FALSE
"TACGTAGGGTGCAAGCGTTAATCGGAATTACTGGGCGTAAAGCGTGCGCAGGCGGTTATATAAGACAGATGTGAAATCCCCGGGCTCAACCTGGGAACTGCATTTGTGACTGTATAGCTAGAGTACGGCAGAGGGGGATGGAATTCCGCGTGTAGCAGTGAAATGCGTAGATATGCGGAGGAACACCGATGGCGAAGGCAATCCCCTGGGCCTGTACTGACGCTCATGCACGAAAGCGTGGGGAGCAAACAGG",0.0034005970685282,1,NA,NA,NA,FALSE
"TACGTAGGGTGCAAGCGTTAATCGGAATTACTGGGCGTAAAGCGTGCGCAGGCGGTTCGGAAAGAAAGATGTGAAATCCCAGAGCTTAACTTTGGAACTGCATTTTTAACTACCGGGCTAGAGTGTGTCAGAGGGAGGTGGAATTCCGCGTGTAGCAGTGAAATGCGTAGATATGCGGAGGAACACCGATGGCGAAGGCAGCCTCCTGGGATAACACTGACGCTCATGCACGAAAGCGTGGGGAGCAAACAGG",0.0212886898323675,15,NA,0.851943346508564,0.851943346508564,FALSE
"TACGGAAGATGCGAGCGTTATTCGGAATTATTGGGCGTAAAGCGTCTGTAGGTGGCTTTTTAAGTCTACTGTTAAATATCAAGGCTTAACCTTGAAAAAGCGGTTTGAAACTAAAAAGCTTGAGTTTAGTAGAGGTAAAGGGAATTCTCGGTGTAGTGGTGAAATGCGTAGATATCGGGAAGAACACCTGTGGCGAAAGCGCTTTACTGGGCTAAAACTGACACTGAGAGACGAAAGCTAGGGGAGCGAATAGG",0.0124368868203029,3,NA,0.593511198945982,0.593511198945982,FALSE
"TACGTAGGGTGCGAGCGTTAATCGGAATTACTGGGCGTAAAGCGTGCGCAGGCGGTTTTGTAAGACAGGCGTGAAATCCCCGGGCTTAACCTGGGAATGGCGCTTGTGACTGCAAGGCTAGAGTGCGTCAGAGGGGGGTAGAATTCCACGTGTAGCAGTGAAATGCGTAGAGATGTGGAGGAATACCGATGGCGAAGGCAGCCCCCTGGGACGAGACTGACGCTCATGCACGAAAGCGTGGGGAGCAAACAGG",0.00299202861748405,1,NA,NA,NA,FALSE
"TACGGAGGGTGCGAGCGTTAATCGGAATTACTGGGCGTAAAGCGCATGCAGGTGGTTTGTTAAGTCAGATGTGAAAGCCCGGGGCTCAACCTCGGAATAGCATTTGAAACTGGCAGACTAGAGTACTGTAGAGGGGGGTAGAATTTCAGGTGTAGCGGTGAAATGCGTAGAGATCTGAAGGAATACCGGTGGCGAAGGCGGCCCCCTGGACAGATACTGACACTCAGATGCGAAAGCGTGGGGAGCAAACAGG",0.0209168031762754,19,NA,0.903656126482213,0.903656126482213,FALSE
"TACAGAGGGTGCAAGCGTTAATCGGAATTACTGGGCGTAAAGCGCGCGTAGGTGGTTCGTTAAGTTGGATGTGAAAGCCCCGGGCTCAACCTGGGAACTGCATCCAAAACTGGCGAGCTAGAGTACGGTAGAGGGTGGTGGAATTTCCTGTGTAGCGGTGAAATGCGTAGATATAGGAAGGAACACCAGTGGCGAAGGCGACCACCTGGACTGATACTGACACTGAGGTGCGAAAGCGTGGGGAGCAAACAGG",0.0197533656259997,10,NA,0.764822134387352,0.764822134387352,FALSE
"TACGTAGGGTGCGAGCGTTAATCGGAATTACTGGGCGTAAAGCGTGCGCAGGCGGTTATGTAAGACAGATGTGAAATCCCCGGGCTCAACCTGGGAACTGCATTTGTGACTGCATGGCTAGAGTACGGTAGAGGGGGATGGAATTCCGCGTGTAGCAGTGAAATGCGTAGATATGCGGAGGAACACCGATGGCGAAGGCAATCCCCTGGACCTGTACTGACGCTCATGCACGAAAGCGTGGGGAGCAAACAGG",0.00292922717784113,1,NA,NA,NA,FALSE
"TACAGAGGGTGCAAGCGTTAATCGGAATTACTGGGCGTAAAGCGAGCGTAGGTGGCTTGATAAGTCAGATGTGAAATCCCCGGGCTTAACCTGGGAACTGCATCTGAAACTGTTAGGCTAGAGTAGGTGAGAGGGAAGTAGAATTTCAGGTGTAGCGGTGAAATGCGTAGAGATCTGAAGGAATACCGATGGCGAAGGCAGCTTCCTGGCATCATACTGACACTGAGGCTCGAAAGCGTGGGTAGCAAACAGG",0.0108432787438711,15,NA,0.851943346508564,0.851943346508564,FALSE
"TACGGAGGGTGCAAGCGTTAATCGGAATTACTGGGCGTAAAGCGCGCGTAGGTGGCTTGATAAGCCGGTTGTGAAAGCCCCGGGCTCAACCTGGGAACGGCATCCGGAACTGTCAGGCTAGAGTGCAGGAGAGGAAGGTAGAATTCCCGGTGTAGCGGTGAAATGCGTAGAGATCGGGAGGAATACCAGTGGCGAAGGCGGCCTTCTGGACTGACACTGACACTGAGGTGCGAAAGCGTGGGTAGCAAACAGG",0.0129877698156148,18,NA,0.892094861660079,0.892094861660079,FALSE
"TACGAAGGGGGCTAGCGTTGCTCGGAATTACTGGGCGTAAAGGGCGCGTAGGCGGATCGTTAAGTCAGGAGTGAAATCCCGGGGCTCAACCTCGGAATTGCCCTTGATACTGGCGATCTTGAGTATGAGAGAGGTATGTGGAACTCCGAGTGTAGAGGTGAAATTCGTAGATATTCGGAAGAACACCAGTGGCGAAGGCGACATACTGGCTCATTACTGACGCTGAGGCGCGAAAGCGTGGGGAGCAAACAGG",0.00243999381721024,1,NA,NA,NA,FALSE
"TACGTAGGTGGCAAGCGTTATCCGGAATTATTGGGCGTAAAGCGCGCGTAGGCGGTTTCTTAAGTCTGATGTGAAAGTCCACGGCTCAACCGTGGAGGGTCATTGGAAACTGGGAAACTTGAGTGCAGAAGAGGAAAGTGGAATTCCATGTGTAGCGGTGAAATGCGCAGAGATATGGAGGAACACCAGTGGCGAAGGCGACTTTCTGGTCTGTAACTGACGCTGATGTGCGAAAGCGTGGGGATCAAACAGG",0.00209160453180982,1,NA,NA,NA,FALSE
"TACAGAGGGTGCGAGCGTTAATCGGATTTACTGGGCGTAAAGCGTGCGTAGGCGGCTTTTTAAGTCGGATGTGAAATCCCCGAGCTTAACTTGGGAATTGCATTCGATACTGGGAAGCTAGAGTATGGGAGAGGATGGTAGAATTCCAGGTGTAGCGGTGAAATGCGTAGAGATCTGGAGGAATACCGATGGCGAAGGCAGCCATCTGGCCTAATACTGACGCTGAGGTACGAAAGCATGGGGAGCAAACAGG",0.0123656030240514,23,NA,0.941666666666667,0.941666666666667,FALSE
"TACAGAGGGTGCGAGCGTTAATCGGATTTACTGGGCGTAAAGCGTGCGTAGGCGGCCAATTAAGTCAAATGTGAAATCCCCGAGCTTAACTTGGGAATTGCATTCGATACTGGTTGGCTAGAGTATGGGAGAGGATGGTAGAATTCCAGGTGTAGCGGTGAAATGCGTAGAGATCTGGAGGAATACCGATGGCGAAGGCAGCCATCTGGCCTAATACTGACGCTGAGGTACGAAAGCATGGGGAGCAAACAGG",0.0113274569688032,21,NA,0.924242424242424,0.924242424242424,FALSE
"TACGTAGGGGGCAAGCGTTGTCCGGAATTATTGGGCGTAAAGCGCGCGCAGGCGGTTCTTTAAGTCTGGTGTTTAAACCCGGAGCTTAACTTCGGGACGCACTGGAAACTGGGGAACTTGAGTGCAGAAGAGGAGAGTGGAATTCCACGTGTAGCGGTGAAATGCGTAGATATGTGGAGGAACACCAGTGGCGAAGGCGACTCTCTGGGCTGTAACTGACGCTGAGGCGCGAAAGCGTGGGGAGCAAACAGG",0.00181814100693587,1,NA,NA,NA,FALSE
"TACGGAGGGAGCTAGCGTTGTTCGGAATTACTGGGCGTAAAGCGCACGTAGGCGGCTATTCAAGTCAGAGGTGAAAGCCCGGGGCTCAACCCCGGAACTGCCTTTGAAACTAGATAGCTTGAATCCAGGAGAGGTGAGTGGAATTCCGAGTGTAGAGGTGAAATTCGTAGATATTCGGAAGAACACCAGTGGCGAAGGCGGCTCACTGGACTGGTATTGACGCTGAGGTGCGAAAGCGTGGGGAGCAAACAGG",0.00173957935848803,1,NA,NA,NA,FALSE
"GACGGAGGATGCAAGTGTTATCCGGAATCATTGGGCGTAAAGCGTCTGTAGGTGGTTTAATAAGTCAACTGTTAAATCTTGAGGCTTAACTTCAAAACCGCAGTCGAAACTATTAAACTTGAGTATAGTAGGGGTAAAAGGAATTTCCAGTGGAGCGGTGAAATGCGTAGAGATTGGAAAGAACACCGATGGCGAAGGCATTTTACTGGGCTATTACTAACACTCAGAGACGAAAGCTAGGGTAGCAAATGGG",0.00843523550724638,1,NA,NA,NA,FALSE
"TACGGAGGGTGCAAGCGTTAATCGGAATTACTGGGCGTAAAGCGCGCGTAGGTGGCTTGATAAGCCGGTTGTGAAAGCCCCGGGCTCAACCTGGGAACGGCATCCGGAACTGTCAAGCTAGAGTGCAGGAGAGGAAGGTAGAATTCCCGGTGTAGCGGTGAAATGCGTAGAGATCGGGAGGAATACCAGTGGCGAAGGCGGCCTTCTGGACTGACACTGACACTGAGGTGCGAAAGCGTGGGTAGCAAACAGG",0.0108204545644752,15,NA,0.851943346508564,0.851943346508564,FALSE
"TACGAAGGGTGCAAGCGTTAATCGGAATTACTGGGCGTAAAGCGCGCGTAGGTGGTTTGTTAAGTTGAATGTGAAAGCCCCGGGCTCAACCTGGGAACTGCATCCAAAACTGGCAAGCTAGAGTATGGCAGAGGGTGGTGGAATTTCCTGTGTAGCGGTGAAATGCGTAGATATAGGAAGGAACACCAGTGGCGAAGGCGACCACCTGGGCTAATACTGACACTGAGGTGCGAAAGCGTGGGGAGCAAACAGG",0.00831704992931399,11,NA,0.784420289855073,0.784420289855073,FALSE
"TACGTAGGGTGCGAGCGTTGTCCGGAATTACTGGGCGTAAAGAGCTCGTAGGTGGTTTGTCGCGTCGTTTGTGTAAGCCCGCAGCTTAACTGCGGGACTGCAGGCGATACGGGCATAACTTGAGTGCTGTAGGGGAGACTGGAATTCCTGGTGTAGCGGTGGAATGCGCAGATATCAGGAGGAACACCGATGGCGAAGGCAGGTCTCTGGGCAGTAACTGACGCTGAGGAGCGAAAGCATGGGGAGCGAACAGG",0.00141320908870095,1,NA,NA,NA,FALSE
"TACGGAGGGTGCAAGCGTTATCCGGATTTACTGGGTTTAAAGAGTGCGTAGGCGGCTTCTTAAGTCAGTGGTGAAAGCTTAGCGCTTAACGCTAGAAGTGCCACTGATACTGGGAAGCTTGAGTCAAGAAGAGGTAAGCAGAATTCATAGTGTAGCAGTGAAATGCTTAGATACTATGAGGAATACCAACAGCGAAGGCAGCTTACTGGTCTTGTACTGACGTTGAGGCACGAAAGCGTGGGTAGCGAACAGG",0.012676998523305,10,NA,0.764822134387352,0.764822134387352,FALSE
"TACGGAGGGAGCTAGCGTTGTTCGGAATTACTGGGCGTAAAGCGCACGTAGGCGGCTTTGTAAGTTAGAGGTGAAAGCCTGGAGCTCAACTCCAGAATTGCCTTTAAGACTGCATCGCTTGAATCCAGGAGAGGTGAGTGGAATTCCGAGTGTAGAGGTGAAATTCGTAGATATTCGGAAGAACACCAGTGGCGAAGGCGGCTCACTGGACTGGTATTGACGCTGAGGTGCGAAAGCGTGGGGAGCAAACAGG",0.00132432493097798,1,NA,NA,NA,FALSE
"TACGGGGGATGCAAGCGTTATCCGGAATAACTGGGCGTAAAGCGTCTGTAGGTGGTTTAGTGTGTTCTTAGTTAAATTATGAAGCCTAACTTCATGAAAAGTGAGAAAACTATTAGACTTGAGTACGATAGGGGTAAGAGGAATTCTTTGAGAAGTAGTGAAATGCGGAGATACGAAGGAGAAGATCATAAGCGAAGGCTTCTTACTGGGTCGTAACTGACACTGAGAGACGAAAGCTAGGGGAGCGAATGGG",0.00932825468186925,13,NA,0.820289855072464,0.820289855072464,FALSE
"TACAGAGGGTGCAAGCGTTAATCGGAATTACTGGGCGTAAAGCGAGCGTAGGTGGCTTAATAAGTCAGATGTGAAATCCCCGGGCTTAACCTGGGAACTGCATCTGATACTGTTGGGCTAGAGTAGGTGAGAGGGAGGTAGAATTTCAGGTGTAGCGGTGAAATGCGTAGAGATCTGAAGGAATACCGATGGCGAAGGCAGCCTCCTGGCATCATACTGACACTGAGGTTCGAAAGCGTGGGTAGCAAACAGG",0.0059727809589323,7,NA,0.698978919631094,0.698978919631094,FALSE
"TACGGAGGATCCAAGCGTTATCCGGAATCATTGGGTTTAAAGGGTCCGCAGGCTGTTGTTTAAGTCAGAGGTGAAAGTTTGCAGCTCAACTGTAAAATTGCCTTTGATACTGGATAACTTGAGTAATAATGAAGTGGTTAGAATATGTAGTGTAGCGGTGAAATGCATAGATATTACATAGAATACCGATTGCGAAGGCAGATCACTAATTATATACTGACGCTGAGGGACGAAAGCGTGGGGAGCGAACAGG",0.00813514034566603,10,NA,0.764822134387352,0.764822134387352,FALSE
"TACGAAAGGTGCGAGCGTTAATCGGAATTACTGGGCGTAAAGCGCGCGTAGGCGGTTTGCTAAGTCAGATGTGAAAGCCCCGGGCTCAACCTGGGAACTGCATTTGAAACTGGCAGGCTAGAATGCAGTAGAGGGAGGTGGAATTTCCGGTGTAGCGGTGAAATGCGTAGAGATCGGAAGGAACACCAGTGGCGAAGGCGGCCTCCTGGACTGACATTGACGCTGAGGTGCGAAAGCGTGGGGAGCAAACAGG",0.00722418527308151,12,NA,0.802898550724638,0.802898550724638,FALSE
"TACGGAGGGTGCGAGCGTTAATCGGAATTACTGGGCGTAAAGCGCACGCAGGCGGTTTGTTAAGCTAGATGTGAAAGCCCCGGGCTCAACCTGGGATGGTCATTTAGAACTGGCAGACTAGAGTCTTGGAGAGGGGAGTGGAATTCCAGGTGTAGCGGTGAAATGCGTAGATATCTGGAGGAACATCAGTGGCGAAGGCGACTCCCTGGCCAAAGACTGACGCTCATGTGCGAAAGTGTGGGTAGCGAACAGG",0.0073015098783164,21,NA,0.924242424242424,0.924242424242424,FALSE
"TACGGAGGGTGCAAGCGTTACTCGGAATCACTGGGCGTAAAGAGCGTGTAGGCGGGTTATTAAGTCAGAAGTGAAATCCTATGGCTCAACCATAGAACTGCTTTTGAAACTGGTAACCTAGAGTATGGGAGAGGTAGATGGAATTTCTGGTGTAGGGGTAAAATCCGTAGAGATCAGAAGGAATACCGATTGCGAAGGCGATCTACTGGAACATTACTGACGCTGAGACGCGAAAGCGTGGGGAGCAAACAGG",0.00667033768883047,14,NA,0.836627140974967,0.836627140974967,FALSE
"TACAGAGGGTGCAAGCGTTAATCGGAATTACTGGGCGTAAAGCGAGCGTAGGTGGCTTGATAAGTCAGATGTGAAATCCCCGGGCTTAACCTGGGAACTGCATCTGATACTGTCAGGCTAGAGTAGGTGAGAGGAAGGTAGAATTCCAGGTGTAGCGGTGAAATGCGTAGAGATCTGGAGGAATACCGATGGCGAAGGCAGCCTTCTGGCATCATACTGACACTGAGGCTCGAAAGCGTGGGTAGCAAACAGG",0.00447098843189382,11,NA,0.784420289855073,0.784420289855073,FALSE
"TACGAAGGGGGCAAGCGTTGTTCGGAATTACTGGGCGTAAAGGGCGCGTAGGCGGCCTGGTCAGTCAGGTGTGAAATCCCGGGGCTCAACCCCGGAACTGCACTTGATACTGCTAGGCTAGAGTATATGAGAGGTAAGTGGAATACCCAGTGTAGAGGTGAAATTCGTAGATATTGGGTAGAACACCAGTGGCGAAGGCGACTTACTGGCATATTACTGACGCTGAGGCGCGAAAGCGTGGGGAGCAAACAGG",0.00755063591357388,13,NA,0.820289855072464,0.820289855072464,FALSE
"TACGTAGGGGGCAAACGTTGTTCGGAATCACTGGGCGTAAAGGGTATGTAGGTTGTTGAGTAAGTAAAAGGTGAAATCCCAAAGCTTAACTTTGGAATTGCTTTTTATACTGCTTAACTAGAGTCTCTTATAGAGGTAGTAGGAATTCCTAGTGGAGGAGTAAAATCTGTAGATATTAGGAGGAACACCAATGGCGAAGGCAAGCTACTGGGTAGAGACTGACATTGAGATACGAAAGCTAGGGGAGCAAATGGG",0.0098590651591845,13,NA,0.820289855072464,0.820289855072464,FALSE
"TACGAAGGGGGCTAGCGTTGCTCGGAATCACTGGGCGTAAAGGGCGCGTAGGCGGCGTTTTAAGTCGGGGGTGAAAGCCTGTGGCTCAACCACAGAATGGCCTTCGATACTGGGACGCTTGAGTCTGGTAGAGGTTGGTGGAACTGCGAGTGTAGAGGTGAAATTCGTAGATATTCGCAAGAACACCGGTGGCGAAGGCGGCCAACTGGACCAGCACTGACGCTGAGGCGCGAAAGCGTGGGGAGCAAACAGG",0.0073496178582052,12,NA,0.802898550724638,0.802898550724638,FALSE
"TACGGGGGATGCAAGCGTTATCCGGAATCACTGGGCGTAAAGCGTCTGTAGGTGGTTTAGTGTGTTCTTAGTTAAATTATGAAGCTTAACTTCATGAAAAGTAAGAAAACTATTAGACTTGAGTACGATAGGGGTAAGAGGAATTCTTCGAGAAGTAGTGAAATGCGAAGATACGAAGGAGAAGATCATAAGCGAAGGCTTCTTACTGGGTCGTAACTGACACTGAGAGACGAAAGCTAGGGGAGCGAATGGG",0.00596894918473566,2,NA,0.563768115942029,0.563768115942029,FALSE
"TACAGAGGGTGCAAGCGTTAATCGGAATTACTGGGCGTAAAGCGAGCGTAGGTGGCTTGATAAGTCAGATGTGAAATCCCCGGGCTTAACCTGGGAACTGCATCTGATACTGTTAAGCTAGAGTAGGTGAGAGGGAAGTAGAATTCCAGGTGTAGCGGTGAAATGCGTAGAGATCTGGAGGAATACCGATGGCGAAGGCAGCTTCCTGGCATCATACTGACACTGAGGCTCGAAAGCGTGGGTAGCAAACAGG",0.00357196935567516,7,NA,0.698978919631094,0.698978919631094,FALSE
"TACGGAAGATGCAAGCGTTATTCGGAATTATTGGGCGTAAAGCGTCTGTAGGTGGCTTTTTAAGTCTGCTGTTAAATATTAAGGCTTAACCTTAAAAAAGCGGTATGAAACTGAAAGGCTTGAGTTTAGTAGGGGTAAAGGGAATTCTCGGTGTAGTGGTGAAATGCGTAGATATCGGGAAGAACACCTGTGGCGAAAGCGCTTTACTGGGCTAATACTGACACTGAGAGACGAAAGCTAGGGGAGCGAATAGG",0.00252450900831924,3,NA,0.593511198945982,0.593511198945982,FALSE
"TACGGAGGGTGCAAGCGTTATCCGGATTTATTGGGTTTAAAGGGTCCGTAGGCGGACTTATAAGTCAGTGGTGAAAGCCTGTCGCTTAACGATAGAACTGCCATTGATACTGTAAGTCTTGAGTATATTTGAGGTAGCTGGAATAAGTAGTGTAGCGGTGAAATGCATAGATATTACTTAGAACACCAATTGCGAAGGCAGGTTACCAAGATATAACTGACGCTGAGGGACGAAAGCGTGGGTAGCGAACAGG",0.00489222602641027,12,NA,0.802898550724638,0.802898550724638,FALSE
"TACGAAGGGTGCAAGCGTTACTCGGAATTACTGGGCGTAAAGCGTGCGTAGGTGGTTATTTAAGTCCGTTGTGAAAGCCCTGGGCTCAACCTGGGAACTGCAGTGGATACTGGATGACTAGAATGTGGTAGAGGGTAGCGGAATTCCTGGTGTAGCAGTGAAATGCGTAGAGATCAGGAGGAACATCCATGGCGAAGGCAGCTACCTGGACCAACATTGACACTGAGGCACGAAAGCGTGGGGAGCAAACAGG",0.00069583174339521,1,NA,NA,NA,FALSE
"TACGTAGGGTCCAAGCGTTAATCGGAATTACTGGGCGTAAAGCGTGCGCAGGCGGTTGTGCAAGACCGATGTGAAATCCCCGGGCTTAACCTGGGAATTGCATTGGTGACTGCACGGCTAGAGTGTGTCAGAGGGGGGTAGAATTCCACGTGTAACAGTGAAATGCGTAGAGATGTGGAGGAATACCGATGGCGAAGGCAGCCCCCTGGGATAACACTGACGCTCATGCACGAAAGCGTGGGGAGCAAACAGG",0.000590684613149995,1,NA,NA,NA,FALSE
"TACGGAAGATGCAAGCGTTATTCGGAATTATTGGGCGTAAAGCGTCTGTAGGTGGCTTTTTAAGTCTACTGTTAAATATCAAGGCTTAACCTTGAAAAAGCGGTATGAAACTAGAGGGCTTGAGTTTAGTAGAGGTAAAGGGAATTCTCGGTGTAGTGGTGAAATGCGTAGATATCGGGAAGAACACCTGTAGCGAAAGCGCTTTACTGGGCTAAAACTGACACTGAGAGACGAAAGCTAGGGGAGCAAATAGG",0.00745341614906832,1,NA,NA,NA,FALSE
"TACGGAGGGTGCGAGCGTTAATCGGAATTACTGGGCGTAAAGCGTGCGTAGGCGGCTTTTTAAGTTGGATGTGAAAGCCCCGGGCTCAACCTGGGAACTGCATCCAAAACTGGAAGGCTCGAGTGCGAGAGAGGAGTGTGGAATTTCCTGTGTAGCGGTGAAATGCGTAGATATAGGAAGGAACACCAGTGGCGAAGGCGACACTCTGGCTTGACACTGACGCTGAGGTACGAAAGCGTGGGGAGCAAACAGG",0.00317403281830159,1,NA,NA,NA,FALSE
"TACGGGAGTGGCAAGCGTTATCCGGAATTATTGGGCGTAAAGCGTCCGCAGGCGGCCCTTCAAGTCTGCTGTTAAAAAGTGGAGCTTAACTCCATCATGGCAGTGGAAACTGTTGGGCTTGAGTGTGGTAGGGGCAGAGGGAATTCCCGGTGTAGCGGTGAAATGCGTAGATATCGGGAAGAACACCAGTGGCGAAGGCGCTCTGCTGGGCCATCACTGACGCTCATGGACGAAAGCCAGGGGAGCGAAAGGG",0.00426987727424576,15,NA,0.851943346508564,0.851943346508564,FALSE
"TACGTAGGGTGCGAGCGTTGTCCGGAATTATTGGGCGTAAAGAGCTTGTAGGCGGTTTGTCGCGTCTGCTGTGAAAATTCAGGGCTTAACCCTGGACGTGCAGTGGGTACGGGCAGACTAGAGTATGGTAGGGGAGACTGGAATTCCTGGTGTAGCGGTGGAATGCGCAGATATCAGGAGGAACACCGATGGCGAAGGCAGGTCTCTGGGCCATTACTGACGCTGAGAAGCGAAAGCATGGGGAGCGAACAGG",0.00433015199717215,1,NA,NA,NA,FALSE
"TACAGAGGGTGCAAGCGTTGTTCGGAATTACTGGGCGTAAAGCGTGCGTAGTCGGTATTGAGAGTCACGGGTGAAATCCCAGGGCTTAACCCTGGAACTGCCTGTGAGACCTCAGTACTAGAGTGTGAGAGGGGATAGTGGAATACCCAGTGTAGCGGTGAAATGCGTAGAGATTGGGTGGAACACCGGTGGCGAAGGCGGCTATCTGGCTCACAACTGACGATCAGGCACGAAAGCGTGGGGAGCAAACAGG",0.00415341109932839,1,NA,NA,NA,FALSE
"TACGGAGGGTGCAAGCGTTATCCGGATTTACTGGGTTTAAAGAGTGCGTAGGCGGCTTCTTAAGTCAATGGTGAAAGCTTAGCGCTTAACGCTAGAAGTGCCACTGATACTGGGAAGCTTGAGTCAAGAAGAGGTAAGCAGAATTCATAGTGTAGCAGTGAAATGCTTAGATACTATGAGGAATACCAACAGCGAAGGCAGCTTACTGGTCTTGTACTGACGTTGAGGCACGAAAGCGTGGGTAGCGAACAGG",0.00437424357453324,7,NA,0.698978919631094,0.698978919631094,FALSE
"TACGAAGGGTGCAAGCGTTAATCGGAATTACTGGGCGTAAAGCGCGCGTAGGTGGTTCAGCAAGTTGGAGGTGAAATCCCCGGGCTCAACCTGGGAACTGCCTCCAAAACTACTGAGCTAGAGTACGGTAGAGGGTAGTGGAATTTCCTGTGTAGCGGTGAAATGCGTAGATATAGGAAGGAACACCAGTGGCGAAGGCGACTACCTGGACTGATACTGACACTGAGGTGCGAAAGCGTGGGGAGCAAACAGG",0.00326862386770057,4,NA,0.621870882740448,0.621870882740448,FALSE
"TACGGAGGGTGCAAGCGTTAATCGGAATTACTGGGCGTAAAGCGCGCGTAGGCGGCTTGTTAAGCCAGATGTGAAAGCCCCGGGCTTAACCTGGGAACTGCATTTGGAACTGGCAGGCTAGAGTACAGAAGAGGGTGGTAGAATTTCCTGTGTAGCGGTGAAATGCGTAGATATAGGAAGGAATACCAGTGGCGAAGGCGGCCACCTGGTCTGATACTGACGCTGAGGTGCGAAAGCGTGGGGAGCAAACAGG",0.00371155885471898,1,NA,NA,NA,FALSE
"TACGGAGGGTGCAAGCGTTATCCGGATTTATTGGGTTTAAAGGGTCCGTAGGCGGACTTATAAGTCAGTGGTGAAAGCCTGTCGCTTAACGATAGAACTGCCATTGATACTGTAAGTCTTGAGTATATTTGAGGTAGCTGGAATAAGTAGTGTAGCGGTGAAATGCATAGATATTACTTAGAACACCAATTGCGAAGGCAGGTTACCAAGATATAACTGACGCTGAGGGACGAAAGCGTGGGGAGCGAACAGG",0.00323547297673788,9,NA,0.744071146245059,0.744071146245059,FALSE
"TACGTAGGGTGCAAGCGTTAATCGGAATTACTGGGCGTAAAGCGTGCGCAGGCGGTTCGGAAAGAAAGATGTGAAATCCCAGAGCTTAACTTTGGAACTGCATTTTTAACTACCGAGCTAGAGTGTGTCAGAGGGAGGTGGAATTCCGCGTGTAGCAGTGAAATGCGTAGATATGCGGAGGAACACCGATGGCGAAGGCAGCCTCCTGGGATAACACTGACGCTCATGCACGAAAGCGTGGGGAGCAAACAGG",0.00316441240280009,8,NA,0.722134387351779,0.722134387351779,FALSE
"TACGTAGGGGGCAAGCGTTGTCCGGAATTATTGGGCGTAAAGCGCGCGCAGGCGGTCATTTAAGTCTGGTGTTTAAACCTTGGGCTCAACCTAAGGTCGCACTGGAAACTGGGTGACTTGAGTACAGAAGAGGAAAGTGGAATTCCACGTGTAGCGGTGAAATGCGTAGATATGTGGAGGAACACCAGTGGCGAAGGCGACTTTCTGGGCTGTAACTGACGCTGAGGCGCGAAAGCGTGGGGAGCAAACAGG",0.00291622481442206,1,NA,NA,NA,FALSE
"TACATAGGTGGCGAGCGTTATCCGGATTTATTGGGCGTAAAGAGTGCACAGGTGGTTTATCAAGTCGGGTGTTAAAGCCCGGGGCTCAACCCCGGTTCGCATCCGAAACTGATAGACTAGAGTACCGGTGGGGTTAGTAGAATTCCATGTGTAGCGGTGGAATGCATAAATATATGGAGGAATACCAGTGGCGAAGGCGGCTAACTGAACGGAAACTGACACTTAAGCACGAAAGCGTGGGGAGCAAATAGG",0.00246854594680682,1,NA,NA,NA,FALSE
"TACGTAGGGTGCGAGCGTTGTCCGGAATTACTGGGCGTAAAGGGCTCGTAGGTGGTTTGTCGCGTCGTCTGTGAAATTCCGGGGCTTAACTCCGGGCGTGCAGGCGATACGGGCATAACTTGAGTACTGTAGGGGTAACTGGAATTCCTGGTGTAGCGGTGAAATGCGCAGATATCAGGAGGAACACCGATGGCGAAGGCAGGTTACTGGGCAGTTACTGACGCTGAGGAGCGAAAGCATGGGTAGCGAACAGG",0.00237299485593853,4,NA,0.621870882740448,0.621870882740448,FALSE
"TACGTAGGTGGCAAGCGTTATCCGGAATTATTGGGCGTAAAGCGCGAGTAGGCGGTTTCTTAAGTCTGATGTGAAAGTCCACGGCTCAACCGTGGAGGGTCATTGGAAACTGGGAAACTTGAGTGCAGAAGAGGAAAGTGGAATTCCATGTGTAGCGGTGAAATGCGCAGAGATATGGAGGAACACCAGTGGCGAAGGCGACTTTCTGGTCTGTAACTGACGCTGATGTGCGAAAGCGTGGGGATCAAACAGG",0.000261450566476227,1,NA,NA,NA,FALSE
"TACGGAGGGTGCAAGCGTTATCCGGATTTACTGGGTTTAAAGAGTGCGTAGGCGGCTTCTTAAGTCAGTGGTGAAAGCTTAGCGCTTAACGCTAGAAGTGCCACTGATACTGGGAAGCTTGAGTCAAGAAGAGGTAAGCAGAATTCATAGTGTAGCAGTGAAATGCTTAGATACTATGAGGAATACCAACAGCGAAGGCAGCTTACTGGTCTTGTACTGACGCTGAGGCACGAAAGCGTGGGTAGCGAACAGG",0.00188365829474442,3,NA,0.593511198945982,0.593511198945982,FALSE
"TACAGAGGGTGCGAGCGTTAATCGGATTTACTGGGCGTAAAGCGTGCGTAGGCGGCTAATTGAGTCGGATGTGAAATCCCCGAGCTTAACTTGGGAATTGCATTCGATACTGGTTAGCTAGAGTGTGGGAGAGGATGGTAGAATTCCAGGTGTAGCGGTGAAATGCGTAGAGATCTGGAGGAATACCGATGGCGAAGGCAGCCATCTGGCCTAACACTGACGCTGAGGTACGAAAGCATGGGGAGCAAACAGG",0.00144054478784704,1,NA,NA,NA,FALSE
"TACGGAGGATCCAAGCGTTATCCGGAATCATTGGGTTTAAAGGGTCCGTAGGCGGTTTTATAAGTCAGTGGTGAAATCCGGCAGCTCAACTGTCGAACTGCCATTGATACTGTAGAACTTGAATTATTGTGAAGTAACTAGAATATGTAGTGTAGCGGTGAAATGCTTAGAGATTACATGGAATACCAATTGCGAAGGCAGGTTACTAACAATCGATTGACGCTGATGGACGAAAGCGTGGGTAGCGAACAGG",0.00101808599832315,1,NA,NA,NA,FALSE
"TACGGAGGGGGCAAGCGTTATTCGGAATTACTGGGCGTAAAGGGCGCGTAGGCGGCCCGGTCAGTGAGAAGTGAAAGCCCACGGCTTAACCGTGGAAATGCTTCTCATACTGCCGGGCTAGAGTATGGGAGAGGAAAGTGGAATTCCCGGTGTAGCGGTGAAATGCGTAGAGATCGGGAGGAACACCAGTGGCGAAGGCGGCTTTCTGGACCATTACTGACGCTGATGCGCGAAAGCGTGGGGAGCAAACAGG",0.00110969158267552,5,NA,0.648880105401845,0.648880105401845,FALSE
"TACGGAGGGTGCAAGCGTTATTCGGAATCATTGGGTTTAAAGGGTTCGTAGGCGGGCTGATAAGTCAGAGGTGAAAAGCTGCAGCTTAACTGTAGTCGTGCCTTTGATACTGTCAGTCTTGAGTTATATTGAAGTAAGTAGAATATGTAGTGTAGCGGTGAAATGCTTAGATATTACATAGAATACCGATTGCGAAGGCAGCTTACTAAGTATATACTGACGCTGATGAACGAAAGCGTGGGTAGCGAAAGGG",0.00107227008261023,3,NA,0.593511198945982,0.593511198945982,FALSE
"TACGGAGGATCCAAGCGTTATCCGGATTTATTGGGTTTAAAGGGTGCGTAGGCGGGAGATTAAGTCAGTGGTGAAAGTTTGCGGCTCAACCGTAAAATTGCCATTGATACTGGTTTTCTTGAGTACAGTTGAGGTAGGCGGAATGTGGTGTGTAGCGGTGAAATGCTTAGATATACCACAGAACACCGATTGCGAAGGCAGCTTACTAAGTTGTGACTGACGCTGAAGCACGAAAGCATGGGGATCAAACAGG",0.000506402372856833,1,NA,NA,NA,FALSE
"TACAGAGGGTGCGAGCGTTAATCGGAATTACTGGGCGTAAAGCGAGTGTAGGTGGCTCATTAAGTCACATGTGAAATCCCCGGGCTTAACCTGGGAACTGCATGTGATACTGGTGGTGCTAGAATATGTGAGAGGGAAGTAGAATTCCAGGTGTAGCGGTGAAATGCGTAGAGATCTGGAGGAATACCGATGGCGAAGGCAGCTTCCTGGCATAATATTGACACTGAGATTCGAAAGCGTGGGTAGCAAACAGG",0.000815602502886813,7,NA,0.698978919631094,0.698978919631094,FALSE
"TACGGAGGATGCAAGTGTTATCCGGAATCACTGGGCGTAAAGCGTCTGTAGGTGGTTTAATAAGTCAACTGTTAAATCTTGAGGCTCAACTTCAAAATCGCAGTCGAAACTATTAGACTAGAGTATAGTAGGGGTAAAGGGAATTTCCAGTGGAGCGGTGAAATGCGTAGAGATTGGAAAGAACACCGATGGCGAAGGCACTTTACTGGGCTATTACTGACACTCAGAGACGAAAGCTAGGGTAGCAAATGGG",0.000802865612648221,1,NA,NA,NA,FALSE
"GACGGAGGATGCAAGTGTTATCCGGAATTACTGGGCGTAAAGCGTCTGTAGGTGGTTAAATAAGTCAACTGTTAAATCTTGAAGCTCAACTTCAAAACCGCAGTCGAAACTATTAGACTAGAGTATAGTAAGGGTAAAGGGAATTTCCAGTGGAGCGGTGAAATGCGTAGAGATTGGAAAGAACACCGATGGCGAAGGCACTTTACTAGGCTATTACTGACACTCAGAGACGAAAGCTAGGGTAGCAAATGGG",0.000782849572443695,1,NA,NA,NA,FALSE
"TACGGAGGATGCAAGCGTTATCCGGAATTATTGGGCGTAAAGGGTTTGTAGGCTACTTTTTAAGTCTACTGTTAAAGAATAAGACTTAACCTTAGAAAAGCAGTATGAAACTAAAAGGATAGAGTTCAGTAGGGGTAGAGGGAATTCTCGGTGTAGTAGTGAAATGCGTAGATATCGAGAGGAACACCAATAGCGAAAGCACTCTACTAGGCTGTAACTGACGCTAAGAAACGAAAGCTAGGGGAGCCAATGGG",0.00149068322981366,1,NA,NA,NA,FALSE
"TACAGAGGGTGCGAGCGTTAATCGGAATTACTGGGCGTAAAGCGAGCGTAGGTGGCTAAATAAGTCAGATGTGAAATCCCCGGGCTTAACCTGGGAACTGCATCTGAAACTGTATGGCTAGAGTAGGTGAGAGGGAAGTAGAATTCCAGGTGTAGCGGTGAAATGCGTAGAGATCTGGAGGAATACCGATGGCGAAGGCAGCTTCCTGGCATCATACTGACACTGAGGTTCGAAAGCGTGGGTAGCAAACAGG",0.00352526439482961,1,NA,NA,NA,FALSE
"TACGGAGGGTGCAAGCGTTAATCGGAATTACTGGGCGTAAAGCGCGCGTAGGTGGTTTGGTAAGCGAGATGTGAAAGCCCCGGGCTTAACCTGGGAACGGCATTTCGAACTGTCAGACTAGAGTGTGGTAGAGGGTAGTGGAATTTCCTGTGTAGCGGTGAAATGCGTAGATATAGGAAGGAACACCAGTGGCGAAGGCGGCTACCTGGACCAACACTGACACTGAGGTGCGAAAGCGTGGGGAGCAAACAGG",0.000379391456104409,1,NA,NA,NA,FALSE
"TACGGAGGGTGCAAGCGTTAATCGGATTTACTGGGCGTAAAGCGTGCGTAGGTGGTTTGTTAAGTCAGTTGTGAAATCCCAGGGCTCAACCTTGGAATTGCATCTGATACTGGCAGACTAGAGATCGGTAGAGGTTAGTGGAATTCCAGGTGTAGCGGTGAAATGCGTAGATATCTGGAGGAACATCGATGGCGAAGGCAACTGACTGGGCCTGATCTGACACTGAGGTACGAAAGCGTGGGGAGCAAACAGG",0.000754535183039205,3,NA,0.593511198945982,0.593511198945982,FALSE
"TACGGAGGGTGCGAGCGTTAATCGGAATTACTGGGCGTAAAGCGCATGCAGGCGGTCTGTTAAGCAAGATGTGAAAGCCCGGGGCTCAACCTCGGAACAGCATTTTGAACTGGCAGACTAGAGTCTTGTAGAGGGGGGTAGAATTTCAGGTGTAGCGGTGAAATGCGTAGAGATCTGAAGGAATACCGGTGGCGAAGGCGGCCCCCTGGACAAAGACTGACGCTCAGATGCGAAAGCGTGGGGAGCAAACAGG",0.000552104899930987,1,NA,NA,NA,FALSE
"TACAGAGGGTGCAAGCGTTAATCGGAATTACTGGGCGTAAAGCGCGCGTAGGCGGCTTGATAAGATGGGTGTGAAATCCCCGGGCTTAACCTGGGAACTGCATCCATAACTGTCTGGCTAGAGTGCAGTAGAGGGTGGTGGAATTTCCTGTGTAGCGGTGAAATGCGTAGATATAGGAAGGAACACCAGTGGCGAAGGCGACCACCTGGACTGACACTGACGCTGAGGTGCGAAAGCGTGGGGAGCAAACAGG",0.000227634873662645,1,NA,NA,NA,FALSE
"TACGAAGGGTGCAAGCGTTACTCGGAATTACTGGGCGTAAAGCGTGCGTAGGTGGTCGTTTAAGTCCGTTGTGAAAGCCCTGGGCTCAACCTGGGAACTGCAGTGGATACTGGGCGACTAGAGTGTGGTAGAGGGTAGCGGAATTCCTGGTGTAGCAGTGAAATGCGTAGAGATCAGGAGGAACATCCATGGCGAAGGCAGCTACCTGGACCAACACTGACACTGAGGCACGAAAGCGTGGGGAGCAAACAGG",0.000893388921977367,1,NA,NA,NA,FALSE
"TACGGAGGGTGCAAGCGTTATCCGGATTTACTGGGTTTAAAGAGTGCGTAGGCGGCGTTTTAAGTCAGTGGTGAAATCCTGGTGCTTAACGCCAGAACTGCCATTGATACTGGAACGCTTGAGTCAAGAAGAGGTAAGCAGAATTCATGGTGTAGCGGTGAAATGCATAGATACCATGAGGAATTCCAATAGCGAAGGCAGCTTACTGGTCTTGTACTGACGCTGAGGCACGAAAGCGTGGGGAGCGAACAGG",0.000351765864640495,1,NA,NA,NA,FALSE
"TACGGAGGGTGCGAGCGTTAATCGGAATTACTGGGCGTAAAGCGCGCGTAGGCGGCTTCGTCAGTCAGATGTGAAAGCCCCGGGCTCAACCTGGGAACTGCATTTGATACTGCGGAGCTAGAGTATGGTAGAGGATAGTGGAATTCCAGGTGTAGCGGTGAAATGCGTAGATATCTGGAGGAACATCAGTGGCGAAGGCGACTGTCTGGACCAATACTGACGCTGAGGTGCGAAAGCGTGGGGAGCAAACAGG",0.000395256916996047,1,NA,NA,NA,FALSE
"TACGAAGGGGGCTAGCGTTGTTCGGATTTACTGGGCGTAAAGCGCACGTAGGCGGACTATTAAGTCAGTGGTGAAATCCCGGGGCTCAACCCCGGAACTGCCTTTGATACTGGTAGTCTTGAGTTCGAGAGAGGTGAGTGGAATTCCGAGTGTAGAGGTGAAATTCGTAGATATTCGGAGGAACACCAGTGGCGAAGGCGGCTCACTGGCTCGATACTGACGCTGAGGTGCGAAAGCGTGGGGAGCAAACAGG",0.000603864734299517,1,NA,NA,NA,FALSE
"GACAGGAGGAGCGAGCGTTGTTCAGCTTGATTGGGCGTAAAGGGTACGTAGGTGGTTAATCAAAGTATAAGTTAAATTCAAGGGTGAGACCCCGTTGGCGCGCTTTTACAATTAATTAACTTGAGTAGTAGGGACGTTGTGAGAACTATCCGAGAAGAGCTAAAATTCAACTATACGGATAGGAATACTGGGTTGCGAAGGCATTCAGCGATCTACTACTGACGCTGAGGTACGAAGGCGTGGGGAGCAAACGGG",0.000744490768314473,1,NA,NA,NA,FALSE
"TACGGGGGGTGCAAGCGTTATTCGGAATCACTGGGCGTAAAGCGCGCGTAGGCGTTCTAGTAAGTCTTTTGTGAAATCCTATGGCTTAACCATAGCACTGCAAGGGAAACTGTTAGAATAGAGTGCAGAAGAGGTAGCTGGAATTTCTAGTGTAGGGGTAAAATCCGTTAATATTAGAAGGAATACCGATGGCGAAAGCAAGCTACTGGGATGTTACTGACGCTAAGGTGCGAAAGCGTGGGGAGCAAACAGG",0.000749625187406297,1,NA,NA,NA,FALSE
"TACGGAGGGTGCAAGCGTTAATCGGAATTACTGGGCGTAAAGCGCGCGTAGGTGGTTTGTTAAGCGGAATGTGAAAGCCCCGGGCTTAACCTGGGAACTGCATTGCGAACTGGCAAACTAGAGTACAGTAGAGGGTAGTGGAATTTCCTGTGTAGCGGTGAAATGCGTAGAGATGGGAAGGAACATCAGTGGCGAAGGCGACTGCCTGGACTGATACTGACACTGAGGTGCGAAAGCGTGGGGAGCAAACAGG",0.000384763370527126,1,NA,NA,NA,FALSE
"TACAGAGGGTGCGAGCGTTAATCGGATTTACTGGGCGTAAAGCGTGCGTAGGCGGCTTATTAAGTCGGATGTGAAATCCCCGAGCTTAACTTGGGAATTGCATTCGATACTGGTGAGCTAGAGTATGGGAGAGGATGGTAGAATTCCAGGTGTAGCGGTGAAATGCGTAGAGATCTGGAGGAATACCGATGGCGAAGGCAGCCATCTGGCCTAATACTGACGCTGAGGTACGAAAGCATGGGGAGCAAACAGG",0.000290824487421841,1,NA,NA,NA,FALSE
"TACGAAGGGGGCTAGCGTTGCTCGGAATCACTGGGCGTAAAGGGTGCGTAGGCGGGTCTTTAAGTCAGGGGTGAAATCCTGGAGCTCAACTCCAGAACTGCCTTTGATACTGAAGATCTTGAGTTCGGGAGAGGTGAGTGGAACTGCGAGTGTAGAGGTGAAATTCGTAGATATTCGCAAGAACACCAGTGGCGAAGGCGGCTCACTGGCCCGATACTGACGCTGAGGCACGAAAGCGTGGGGAGCAAACAGG",0.000226449275362319,1,NA,NA,NA,FALSE
"AACGAGAAGGGTGAGCGTTATTCGGATTAATTGGGCGTAAAGGATACGTAGGTTGAAAATGAATTAAATAACAAAAATTTGAAATTTAAATTTAAACTAATTTTATTAAAAGCTTTTTCTTGAGTTTAGAAGAAGATTGTAGAACTTTAAATGTAACAGTAAAATGTATTGATATTTAAAAGAATTTCGAAAGCGAAGGCAGCAATCTAATCTAAAACTGACACTGAGGTATTAAAGCATGGGTAGCAAAAGGG",0.000562218890554723,1,NA,NA,NA,FALSE
"TACGGAGGGTGCAAGCGTTAATCGGAATTACTGGGCGTAAAGCGCGCGTAGGTTGTTTGTTAAGCGAGATGTGAAAGCCCCGGGCTTAACCTGGGAACTGCATTTCGAACTGGCAGACTAGAGTACAGTAGAGGGTGGCGGAATTTCCTGTGTAGCGGTGAAATGCGTAGAGATGGGAAGGAACATCAGTGGCGAAGGCGGCCACCTGGACTGATACTGACACTGAGGTGCGAAAGCGTGGGGAGCAAACAGG",0.000562218890554723,1,NA,NA,NA,FALSE
"TACAGAGGGTGCAAGCGTTAATCGGAATTACTGGGCGTAAAGCGAGCGTAGGTGGCTTGATAAGTCAGATGTGAAATCCCCGGGCTTAACCTGGGAACTGCATCTGATACTGTTAAGCTAGAGTAGGTGAGAGGGAAGTAGAATTCCAGGTGTAGCGGTGAAATGCGTAGAGATCTGGAGGAATACCGATGGCGAAGGCAGCTTCCTGGCATCATACTGACACTGAGGTTCGAAAGCGTGGGTAGCAAACAGG",0.000237154150197628,1,NA,NA,NA,FALSE
"TACGGAGGGTCCAAGCGTTAATCGGAATTACTGGGCGTAAAGCGCGCGTAGATGGTCTATTCAGTTGGGTGTGAAATCCCTGGGCTCAACCTAGGAACTGCATCCAAAACTTATAGACTAGAGTACGAAAGAGGAGAGTAGAATTCATGGTGTAGCGGTGAAATGCGTAGATATCATGAGGAATACCAGTGGCGAAGGCGACTCTCTGGTTCGAGACTGACATTGAGGTGCGAAAGCGTGGGTAGCAAACAGG",0.00019526165061182,1,NA,NA,NA,FALSE
"TACGGAGGGTGCAAGCGTTATCCGGATTTACTGGGTTTAAAGGGTGTGTAGGCGGCTCTTTAAGTCAGTGGTGAAAGCCTAGCGCTCAACGCTAGAAAGGCCATTGATACTGGAGAGCTTGAGTCAAGAAGAGGTAAGCAGAATTTATGGTGTAGCAGTGAAATGCTTAGATACCATAAGGAATACCAATAGCGAAGGCAGCTTACTGGTCTTGAACTGACGCTGAGGCACGAAAGCGTGGGGAGCAAACAGG",0.000372670807453416,1,NA,NA,NA,FALSE
"TACGTAGGGGGCGAGCGTTGTCCGGATTTACTGGGCGTAAAGGGTGTGTAGGCGGCAATGCATGTCCGAAGTGAAAGGCAAAGGCTCAACCTTTGTTAGCTTCGGAAACTGCATAGCTTGAGTACAGGAGAGGTAAGTGGAATTCCTAGTGTAGCGGTGAAATGCGCAGATATTAGGAGGAACACCGGTGGCGAAGGCGACTTACTGGACTGTAACTGACGCTGAGACACGAAAGCGTGGGGAGCAAACAGG",0.000108514794183607,1,NA,NA,NA,FALSE
"TACGGAGGGTGCAAGCGTTATCCGGAATCATTGGGTTTAAAGGGTCCGCAGGCGGTCAATTAAGTCAGAGGTGAAATCCCACAGCTTAACTGTGGAACTGCCTTTGATACTGGTTGACTTGAGTTATACGGAAGTAGATAGAATGTGTAGTGTAGCGGTGAAATGCATAGATATTACACAGAATACCGATTGCGAAGGCAGTCTACTACGTATATACTGACGCTCATGGACGAAAGCGTGGGGAGCGAACAGG",0.000288572527895344,1,NA,NA,NA,FALSE
"AACCAGCACCTCAAGTGGTCAGGAGGATTATTGGGCCTAAAGCATCCGTAGCCTGCTCTGTAAGTTTCCGGTTAAATCCATTAGCTCAACTAATGGGCTGCCGGAAAAACTGCAAAGCTAGGAAGTGGGAGAGGTAGACGGTACTCGGTAGGAAGGGGTAAAATCCTTTGATCTATTGATGACCACCTGTGGCGAAGGCGGTCTACCAGAACACGTTCGACGGTGAGGGATGAAAGCTGGGGGAGCAAACCGG",0.000145250314709015,1,NA,NA,NA,FALSE
"TACGGAGGGTGCGAGCGTTAATCGGAATTACTGGGCGTAAAGCGCATGCAGGTGGTTTGTTAAGTCAGATGTGAAAGCCCGGGGCTCAACCTCGGAATAGCATTTGAAACTGGCATACTAGAGTACTGTAGAGGGGGGTAGAATTTCAGGTGTAGCGGTGAAATGCGTAGAGATCTGAAGGAATACCGGTGGCGAAGGCGGCCCCCTGGACAGATACTGACACTCAGATGCGAAAGCGTGGGGAGCAAACAGG",0.000329380764163373,1,NA,NA,NA,FALSE
"TACGGAGGGTGCAAGCGTTAATCGGAATTACTGGGCGTAAAGCGTGCGTAGGCGGCCTTTTAAGTTGGATGTGAAAGCCCCGGGCTCAACCTGGGAACGGCATCCAAAACTGAGAGGCTCGAGTGCGGAAGAGGAGTGTGGAATTTCCTGTGTAGCGGTGAAATGCGTAGATATAGGAAAGAACACCAGTGGCGAAGGCGACACTCTGGTCTGACACTGACGCTGAGGTACGAAAGCGTGGGGAGCAAACAGG",0.000446694460988684,1,NA,NA,NA,FALSE
"TACGGAGGGTCCGAGCGTTATCCGGAATCATTGGGTTTAAAGGGTCCGCAGGCGGTCGATTAAGTCAGAGGTGAAATCCTACAGCTTAACTGTAGAACTGCCTTTGATACTGGTTGACTTGAGTTGTACGGAAGTAGATAGAATGTGTAGTGTAGCGGTGAAATGCATAGATATTACACAGAATACCGATTGCGAAGGCAGTCTACTACGTATATACTGACGCTCATGGACGAAAGCGTGGGGAGCGAACAGG",0.000180657593640853,1,NA,NA,NA,FALSE
"TACGGAGGATCCAAGCGTTATCCGGATTCATTGGGTTTAAAGGGTCCGTAGGCGGATTTTTAAGTCAGTGGTGAAAGCCGGCAGCTCAACTGTCGAACTGCCATTGATACTGGAAATCTTGAGTACAAATGAAGTAGGCGGAATGAGTCATGTAGCGGTGAAATGCATAGATATGACTCAGAACACCGATTGCGAAGGCAGCTTACTAACATGTAACTGACGCTGAGGGACGAAAGCGTGGGGAGCGAACAGG",0.000140706345856198,1,NA,NA,NA,FALSE
"TACGGAGGGTGCAAGCGTTAATCGGAATTACTGGGCGTAAAGCGCACGCAGGCGGTCTGTCAAGTCGGATGTGAAATCCCCGGGCTCAACCTGGGAACTGCATTCGAAACTGGCAGGCTAGAGTCTTGTAGAGGGGGGTAGAATTCCAGGTGTAGCGGTGAAATGCGTAGAGATCTGGAGGAATACCGGTGGCGAAGGCGGCCCCCTGGACAAAGACTGACGCTCAGGTGCGAAAGCGTGGGGAGCAAACAGG",9.13408841797589e-05,1,NA,NA,NA,FALSE
"TACGGAGGATCCGAGCGTTATCCGGAATTATTGGGTTTAAAGGGTGCGTAGGCGGCGTGCTAAGTCAGGGGTGAAAGACGGTGGCTCAACCATCGCAGTGCCTTTGATACTGGCAGGCTTGAATGTACTTGAGGTAGGCGGAATGTGGCAAGTAGCGGTGAAATGCATAGATATGCCACAGAACACCGATTGCGAAGGCAGCTTACTAAGGTATGATTGACGCTGAGGCACGAAAGCGTGGGGATCGAACAGG",7.58782912208817e-05,1,NA,NA,NA,FALSE
"TACATAGGGGGCAAGCGTTATCCGGAATTATTGGGCGTAAAGGGTGCGTAGGCGGCTATATAAGTCTTTGGTGTAAGTGCAGCGCTTAACGCTGTGATGCTTTGGAAACTGTATAGCTAGAGTTAGATAGAGGCAAGTGGAATTCCATGTGTAGCGGTAAAATGCGTAAATATATGGAGGAACACCGGTGGCGAAGGCGGCTTGCTGGGTCTATACTGACGCTGAGGCACGAAAGCGTGGGGAGCAAACAGG",7.58782912208817e-05,1,NA,NA,NA,FALSE
"TACGGAGGGTGCAAGCGTTATCCGGAATTACTGGGTTTAAAGGGTGCGTAGGCGGCTAGATAAGTCAGAGGTGAAAGGTGTCAGCTTAACTGGCAAATTGCCTTTGATACTGTTTAGCTAGAATTGGGTTGAGGTCAGCGGAATGTGACATGTAGCGGTGAAATGCATAGATATGTCATAGAACACCAATTGCGAAGGCAGCTGGCTAGGCTTTGATTGACGCTGAGGCACGAAAGCGTGGGGAGCGAACAGG",0.000158102766798419,1,NA,NA,NA,FALSE
"TACGAAGGGGGCTAGCGTTGTTCGGAATTACTGGGCGTAAAGCGCACGTAGGCGGACTTTTAAGTCAGGTGTGAAATCCCGGGGCTCAACCTCGGAACTGCATTTGAAACTGGAAGTCTAGAGACCAGGAGAGGTTAGCGGAATACCGAGTGTAGAGGTGAAATTCGTAGATATTCGGTGGAACACCAGTGGCGAAGGCGGCTAACTGGACTGGTACTGACGCTGAGGTGCGAAAGTGTGGGGAGCAAACAGG",0.00010230179028133,1,NA,NA,NA,FALSE
"TACGGGGGATGCAAGCGTTATCCGGATTTATTGGGCGTAAAGCGCCTGTAGGTGGTTTAACAAGTCTGTTGTTAAAGACTGGGGCTCAACTCCAGAAAAGCGACAGAAACTACTAAACTAGAGTGTGGCAGGGGTAGAGGGAATTTCTAGTGTAGCGGTGAAATGTGTAGATATTAGAAAGAACACCAGTGGCGAAAGCGCTCTACTGGACCATTACTGACACTGAGAGGCGAAAGCTAGGGGAGCAAAAGGG",0.000130958617077004,1,NA,NA,NA,FALSE
"TACGGAGGGTGCGAGCGTTAATCGGAATTACTGGGCGTAAAGCGCACGCAGGCGGATTGTCAAGCTAGAGGTGAAAGCCCCGCGCTCAACGTGGGAATTGCCTTTAGAACTGGCAGTCTAGAGTCTTGGAGAGGGGAGTGGAATTCCAGGTGTAGCGGTGAAATGCGTAGAGATCTGGAGGAACATCAGTGGCGAAGGCGGCTCCCTGGCCAAAGACTGACGCTCATGTGCGAAAGTGTGGGTAGCGAACAGG",0.000587544065804935,1,NA,NA,NA,FALSE
"GACAGGAGGAGCAAGTGTTATTCAGAATTATTGGGCGTAAAGGGCATGTAGGTGGATAGTTGTTGTTGATTGTGCCATTCCAATTGTTAGCATTGGGTTTGCAATCAATACACTTTATCTTGAGATCAAAAGAGGAAGATAGAATTTCTAGTGGAGAGGTTAAATTCTTAGATATTAGAAGGAATATCAAGTGCGAAGGCAATCTTCTGGTTTGTATCTGACACTGAGGTGCGAAAGCGTGGGGAGCAAACAGG",0.000587544065804935,1,NA,NA,NA,FALSE
"TACCGGCGCCTCAAGTGGTAGTCGCTTTTATTGGGCCTAAAACGTCCGTAGCCGGTCTGGTGCATTCGTGGGTAAATCAACCCGCTCAACGGGTTGAATTCTGCGAGCACGGCCAGACTTGGGACCGGGAGAGGTGTGGGGTACTCTCAGGGTAGGGGTAAAATCCTGTCATCCTGAGAGGACCACCTGTTGCGAAGGCGCCACACTAGAACGGATCCGACGGTCAGGGACGAAACCTAGGGGCACGAACCGG",0.000181159420289855,1,NA,NA,NA,FALSE
"GACGGAGGGTGCAAGCGTTGCTCGGAATCACTGGGCGTAAAGGGTCCGCAGGCGGCGAGATAAGTCGGATGTGAAAGCCCGGGGCTCAACCCCGGAACTGCATTCGAAACTGTCTCACTTGAATACGGGAGAGGAGAGTGGAATTCCTGGTGTAGAGGTGAAATTCGTAGATATCAGGAGGAACACCAGTGGCGAAAGCGGCTCTCTGGCCCGATATTGACGCTCATGGACGAAAGCGTGGGTAGCAAACAGG",0.000111769308147983,1,NA,NA,NA,FALSE
